{
  "mean": [
    20.977351865849915,
    21.00134173491877,
    0.02398986907414487,
    0.22087230945534006,
    3603.6015165750932,
    -0.0011058833293547236,
    189.82603653093832,
    13.073553279407111,
    1.8563849343328092,
    151.6597594418083,
    5.5410842789622965,
    2115.994160984865,
    3.0444263057133503,
    0.3414395210367936,
    0.08926078408236834,
    14.993594640413408,
    3.061644437182132
  ],
  "scale": [
    11.257424501489602,
    12.146707975920355,
    11.279414928796145,
    1.123959007285274,
    3973.9567868731774,
    0.012538357725597776,
    29.931611625168312,
    4.03395372037335,
    0.7884814440370772,
    13.713609760320022,
    1.2080595091076827,
    62.943050694955645,
    0.09959372820489522,
    0.09426149356339565,
    0.04673476353195179,
    4.999368597741097,
    2.001829796798171
  ],
  "feature_names": [
    "初撑力值",
    "末阻力值",
    "压力增量",
    "压力增长率",
    "循环时长_秒",
    "压力变化速率",
    "geo_total_thickness_m",
    "geo_coal_thickness_m",
    "geo_coal_seam_count",
    "geo_depth_to_top_coal_m",
    "geo_avg_elastic_modulus_GPa",
    "geo_avg_density_kN_m3",
    "geo_max_tensile_MPa",
    "geo_prop_sandstone",
    "geo_prop_mudstone",
    "小时",
    "星期几"
  ]
}